ADGRG1_pocket_residue,closest adgrg1_pocket_residue within 2.5 angstroms
CYS 489 (chain A),THR 449 (chain A)
LEU 490 (chain A),LEU 450 (chain A)
MET 493 (chain A),MET 453 (chain A)
GLY 494 (chain A),ALA 454 (chain A)
GLU 496 (chain A),GLU 456 (chain A)
GLY 497 (chain A),VAL 457 (chain A)
TYR 498 (chain A),PHE 458 (chain A)
LEU 500 (chain A),THR 460 (chain A)
TYR 501 (chain A),PHE 461 (chain A)
PHE 578 (chain A),LEU 537 (chain A)
VAL 581 (chain A),VAL 540 (chain A)
PHE 582 (chain A),VAL 541 (chain A)
ASN 585 (chain A),NO ALIGNED RESIDUE
MET 586 (chain A),LEU 545 (chain A)
MET 588 (chain A),NO ALIGNED RESIDUE
LEU 589 (chain A),NO ALIGNED RESIDUE
MET 592 (chain A),NO ALIGNED RESIDUE
LEU 615 (chain A),LEU 574 (chain A)
SER 616 (chain A),NO ALIGNED RESIDUE
LEU 617 (chain A),THR 575 (chain A)
VAL 618 (chain A),CYS 576 (chain A)
LEU 619 (chain A),NO ALIGNED RESIDUE
GLY 620 (chain A),GLY 579 (chain A)
LEU 621 (chain A),THR 580 (chain A)
PRO 622 (chain A),THR 581 (chain A)
TRP 623 (chain A),TRP 582 (chain A)
ALA 624 (chain A),ALA 583 (chain A)
GLN 650 (chain A),GLN 607 (chain A)
