xcr1a.1_pocket_residue,closest xcr1b.1_pocket_residue within 3.0 angstroms
ASN 74 (chain A),ASN 262 (chain A)
LEU 75 (chain A),TRP 258 (chain A)
LEU 77 (chain A),GLY 259 (chain A)
SER 78 (chain A),TRP 258 (chain A)
ASP 79 (chain A),NO ALIGNED RESIDUE
LEU 81 (chain A),NO ALIGNED RESIDUE
PHE 82 (chain A),NO ALIGNED RESIDUE
LYS 108 (chain A),TYR 225 (chain A)
PHE 109 (chain A),NO ALIGNED RESIDUE
LEU 110 (chain A),NO ALIGNED RESIDUE
PHE 111 (chain A),VAL 251 (chain A)
TYR 112 (chain A),ILE 221 (chain A)
VAL 113 (chain A),NO ALIGNED RESIDUE
GLY 114 (chain A),PHE 254 (chain A)
PHE 115 (chain A),ILE 123 (chain A)
TYR 116 (chain A),NO ALIGNED RESIDUE
SER 117 (chain A),PHE 214 (chain A)
SER 118 (chain A),TYR 119 (chain A)
VAL 119 (chain A),NO ALIGNED RESIDUE
PHE 121 (chain A),NO ALIGNED RESIDUE
TRP 154 (chain A),NO ALIGNED RESIDUE
SER 157 (chain A),NO ALIGNED RESIDUE
ALA 161 (chain A),NO ALIGNED RESIDUE
HIS 285 (chain A),NO ALIGNED RESIDUE
ASN 289 (chain A),NO ALIGNED RESIDUE
