LHCGR_pocket_residue,closest lhcgr_pocket_residue within 2.0 angstroms
MET 408 (chain A),NO ALIGNED RESIDUE
TYR 411 (chain A),TYR 421 (chain A)
ILE 415 (chain A),ILE 425 (chain A)
TRP 433 (chain A),NO ALIGNED RESIDUE
ALA 442 (chain A),ALA 452 (chain A)
GLY 443 (chain A),GLY 453 (chain A)
THR 446 (chain A),SER 456 (chain A)
VAL 447 (chain A),VAL 457 (chain A)
SER 450 (chain A),GLY 460 (chain A)
TYR 508 (chain A),TYR 518 (chain A)
VAL 511 (chain A),NO ALIGNED RESIDUE
SER 512 (chain A),NO ALIGNED RESIDUE
ILE 513 (chain A),MET 523 (chain A)
CYS 514 (chain A),CYS 524 (chain A)
PHE 515 (chain A),NO ALIGNED RESIDUE
PRO 516 (chain A),PRO 526 (chain A)
MET 517 (chain A),MET 527 (chain A)
ILE 585 (chain A),ILE 595 (chain A)
LEU 608 (chain A),LEU 618 (chain A)
TYR 612 (chain A),TYR 622 (chain A)
