PTGER3_pocket_residue,closest ptger3_pocket_residue within 2.0 angstroms
MET 137 (chain A),NO ALIGNED RESIDUE
THR 138 (chain A),NO ALIGNED RESIDUE
LEU 142 (chain A),NO ALIGNED RESIDUE
LEU 145 (chain A),NO ALIGNED RESIDUE
TRP 207 (chain A),NO ALIGNED RESIDUE
PHE 209 (chain A),NO ALIGNED RESIDUE
ILE 210 (chain A),NO ALIGNED RESIDUE
THR 212 (chain A),NO ALIGNED RESIDUE
PHE 234 (chain A),NO ALIGNED RESIDUE
ALA 235 (chain A),NO ALIGNED RESIDUE
GLY 238 (chain A),NO ALIGNED RESIDUE
LEU 239 (chain A),NO ALIGNED RESIDUE
LEU 242 (chain A),NO ALIGNED RESIDUE
TRP 295 (chain A),NO ALIGNED RESIDUE
SER 296 (chain A),NO ALIGNED RESIDUE
PRO 297 (chain A),SER 281 (chain A)
LEU 298 (chain A),NO ALIGNED RESIDUE
LEU 299 (chain A),NO ALIGNED RESIDUE
ILE 300 (chain A),NO ALIGNED RESIDUE
MET 301 (chain A),NO ALIGNED RESIDUE
MET 302 (chain A),NO ALIGNED RESIDUE
LEU 303 (chain A),NO ALIGNED RESIDUE
PHE 328 (chain A),NO ALIGNED RESIDUE
ALA 331 (chain A),NO ALIGNED RESIDUE
VAL 332 (chain A),NO ALIGNED RESIDUE
ALA 335 (chain A),NO ALIGNED RESIDUE
