gpr183a_pocket_residue,closest gpr183b_pocket_residue within 2.0 angstroms
MET 111 (chain A),NO ALIGNED RESIDUE
GLY 114 (chain A),NO ALIGNED RESIDUE
VAL 115 (chain A),NO ALIGNED RESIDUE
ASN 116 (chain A),NO ALIGNED RESIDUE
MET 118 (chain A),NO ALIGNED RESIDUE
THR 119 (chain A),NO ALIGNED RESIDUE
SER 122 (chain A),NO ALIGNED RESIDUE
VAL 123 (chain A),NO ALIGNED RESIDUE
PHE 202 (chain A),ILE 148 (chain A)
PRO 205 (chain A),NO ALIGNED RESIDUE
VAL 206 (chain A),VAL 152 (chain A)
THR 208 (chain A),GLN 155 (chain A)
ILE 209 (chain A),THR 156 (chain A)
LEU 210 (chain A),NO ALIGNED RESIDUE
CYS 212 (chain A),NO ALIGNED RESIDUE
VAL 242 (chain A),NO ALIGNED RESIDUE
ILE 243 (chain A),NO ALIGNED RESIDUE
VAL 246 (chain A),NO ALIGNED RESIDUE
ILE 247 (chain A),NO ALIGNED RESIDUE
LEU 248 (chain A),NO ALIGNED RESIDUE
VAL 249 (chain A),NO ALIGNED RESIDUE
PHE 250 (chain A),NO ALIGNED RESIDUE
VAL 251 (chain A),NO ALIGNED RESIDUE
CYS 253 (chain A),NO ALIGNED RESIDUE
TYR 254 (chain A),NO ALIGNED RESIDUE
SER 255 (chain A),NO ALIGNED RESIDUE
HIS 258 (chain A),NO ALIGNED RESIDUE
MET 292 (chain A),LEU 66 (chain A)
ASN 295 (chain A),NO ALIGNED RESIDUE
