LPAR5_pocket_residue,closest lpar5b_pocket_residue within 3.0 angstroms
PHE 101 (chain A),NO ALIGNED RESIDUE
GLN 102 (chain A),ILE 121 (chain A)
MET 105 (chain A),ARG 125 (chain A)
TYR 106 (chain A),ARG 125 (chain A)
GLY 107 (chain A),NO ALIGNED RESIDUE
CYS 109 (chain A),ARG 129 (chain A)
GLU 196 (chain A),PRO 208 (chain A)
GLY 199 (chain A),NO ALIGNED RESIDUE
PHE 200 (chain A),GLN 212 (chain A)
LEU 201 (chain A),LEU 211 (chain A)
LEU 204 (chain A),NO ALIGNED RESIDUE
PHE 243 (chain A),NO ALIGNED RESIDUE
PHE 247 (chain A),NO ALIGNED RESIDUE
VAL 248 (chain A),THR 270 (chain A)
PRO 249 (chain A),GLN 272 (chain A)
TYR 250 (chain A),NO ALIGNED RESIDUE
ASN 251 (chain A),NO ALIGNED RESIDUE
SER 252 (chain A),NO ALIGNED RESIDUE
THR 253 (chain A),NO ALIGNED RESIDUE
LEU 254 (chain A),NO ALIGNED RESIDUE
ALA 286 (chain A),ILE 290 (chain A)
