ednraa_pocket_residue,closest ednrab_pocket_residue within 2.0 angstroms
VAL 166 (chain A),NO ALIGNED RESIDUE
THR 169 (chain A),NO ALIGNED RESIDUE
VAL 170 (chain A),NO ALIGNED RESIDUE
LEU 171 (chain A),NO ALIGNED RESIDUE
LEU 173 (chain A),NO ALIGNED RESIDUE
CYS 174 (chain A),NO ALIGNED RESIDUE
SER 177 (chain A),NO ALIGNED RESIDUE
PHE 259 (chain A),NO ALIGNED RESIDUE
TYR 260 (chain A),NO ALIGNED RESIDUE
PHE 261 (chain A),NO ALIGNED RESIDUE
CYS 262 (chain A),NO ALIGNED RESIDUE
VAL 263 (chain A),NO ALIGNED RESIDUE
PRO 264 (chain A),NO ALIGNED RESIDUE
LEU 265 (chain A),NO ALIGNED RESIDUE
ALA 266 (chain A),ALA 259 (chain A)
CYS 267 (chain A),NO ALIGNED RESIDUE
THR 268 (chain A),NO ALIGNED RESIDUE
VAL 305 (chain A),NO ALIGNED RESIDUE
LEU 308 (chain A),NO ALIGNED RESIDUE
VAL 309 (chain A),NO ALIGNED RESIDUE
ILE 311 (chain A),NO ALIGNED RESIDUE
PHE 312 (chain A),NO ALIGNED RESIDUE
ALA 313 (chain A),LEU 300 (chain A)
TRP 316 (chain A),NO ALIGNED RESIDUE
HIS 320 (chain A),NO ALIGNED RESIDUE
ASN 358 (chain A),NO ALIGNED RESIDUE
