gprc5ba_pocket_residue,closest gprc5bb_pocket_residue within 2.5 angstroms
PRO 87 (chain A),NO ALIGNED RESIDUE
LYS 88 (chain A),TYR 192 (chain A)
ARG 89 (chain A),NO ALIGNED RESIDUE
SER 90 (chain A),NO ALIGNED RESIDUE
GLY 91 (chain A),NO ALIGNED RESIDUE
ILE 92 (chain A),NO ALIGNED RESIDUE
LEU 94 (chain A),NO ALIGNED RESIDUE
CYS 138 (chain A),NO ALIGNED RESIDUE
ALA 141 (chain A),LEU 284 (chain A)
GLN 142 (chain A),TRP 126 (chain A)
SER 143 (chain A),NO ALIGNED RESIDUE
ARG 145 (chain A),NO ALIGNED RESIDUE
LEU 146 (chain A),NO ALIGNED RESIDUE
LEU 149 (chain A),TYR 261 (chain A)
SER 155 (chain A),NO ALIGNED RESIDUE
PRO 156 (chain A),ALA 279 (chain A)
GLY 157 (chain A),PRO 278 (chain A)
GLY 158 (chain A),NO ALIGNED RESIDUE
LEU 161 (chain A),ALA 281 (chain A)
TRP 228 (chain A),NO ALIGNED RESIDUE
SER 231 (chain A),NO ALIGNED RESIDUE
VAL 232 (chain A),NO ALIGNED RESIDUE
LEU 235 (chain A),NO ALIGNED RESIDUE
HIS 286 (chain A),NO ALIGNED RESIDUE
GLU 290 (chain A),NO ALIGNED RESIDUE
