ccr6a_pocket_residue,closest ccr6b_pocket_residue within 2.5 angstroms
TYR 70 (chain A),TYR 67 (chain A)
LEU 71 (chain A),NO ALIGNED RESIDUE
VAL 74 (chain A),VAL 71 (chain A)
TYR 115 (chain A),TYR 112 (chain A)
SER 116 (chain A),THR 113 (chain A)
GLY 117 (chain A),SER 114 (chain A)
MET 118 (chain A),THR 115 (chain A)
LEU 119 (chain A),LEU 116 (chain A)
LEU 120 (chain A),LEU 117 (chain A)
LEU 121 (chain A),LEU 118 (chain A)
ALA 122 (chain A),ALA 119 (chain A)
CYS 123 (chain A),CYS 120 (chain A)
ILE 124 (chain A),ILE 121 (chain A)
SER 125 (chain A),SER 122 (chain A)
ASP 127 (chain A),NO ALIGNED RESIDUE
SER 149 (chain A),NO ALIGNED RESIDUE
HIS 150 (chain A),NO ALIGNED RESIDUE
LEU 151 (chain A),NO ALIGNED RESIDUE
VAL 152 (chain A),ILE 149 (chain A)
CYS 153 (chain A),CYS 150 (chain A)
ALA 154 (chain A),ALA 152 (chain A)
ALA 155 (chain A),NO ALIGNED RESIDUE
VAL 156 (chain A),ILE 153 (chain A)
TRP 157 (chain A),TRP 154 (chain A)
LEU 158 (chain A),PHE 155 (chain A)
