NPY2R_pocket_residue,closest npy2rl_pocket_residue within 2.0 angstroms
THR 107 (chain A),THR 101 (chain A)
PRO 127 (chain A),PRO 121 (chain A)
GLN 130 (chain A),GLN 124 (chain A)
GLY 131 (chain A),GLY 125 (chain A)
VAL 134 (chain A),VAL 128 (chain A)
ARG 187 (chain A),ARG 181 (chain A)
GLU 205 (chain A),GLU 199 (chain A)
TYR 219 (chain A),TYR 211 (chain A)
SER 220 (chain A),SER 212 (chain A)
SER 223 (chain A),THR 215 (chain A)
LEU 227 (chain A),NO ALIGNED RESIDUE
TRP 281 (chain A),TRP 272 (chain A)
LEU 284 (chain A),PHE 275 (chain A)
HIS 285 (chain A),HIS 276 (chain A)
GLN 288 (chain A),GLN 279 (chain A)
ASP 292 (chain A),ASP 283 (chain A)
PHE 307 (chain A),TYR 298 (chain A)
HIS 311 (chain A),HIS 302 (chain A)
MET 315 (chain A),MET 306 (chain A)
