NPY2R_pocket_residue,closest npy2r_pocket_residue within 3.0 angstroms
CYS 103 (chain A),CYS 108 (chain A)
PHE 106 (chain A),PHE 111 (chain A)
THR 107 (chain A),THR 112 (chain A)
TYR 110 (chain A),TYR 115 (chain A)
TRP 116 (chain A),TRP 121 (chain A)
VAL 126 (chain A),LEU 131 (chain A)
PRO 127 (chain A),PRO 132 (chain A)
GLN 130 (chain A),GLN 135 (chain A)
GLY 131 (chain A),GLY 136 (chain A)
VAL 134 (chain A),VAL 139 (chain A)
LEU 183 (chain A),LEU 188 (chain A)
ARG 187 (chain A),ARG 192 (chain A)
GLU 205 (chain A),GLU 210 (chain A)
TRP 281 (chain A),TRP 284 (chain A)
LEU 284 (chain A),PHE 287 (chain A)
HIS 285 (chain A),HIS 288 (chain A)
GLN 288 (chain A),GLN 291 (chain A)
PHE 307 (chain A),TYR 310 (chain A)
HIS 311 (chain A),HIS 314 (chain A)
MET 315 (chain A),MET 318 (chain A)
