mtnr1ab_pocket_residue,closest mtnr1al_pocket_residue within 2.0 angstroms
VAL 78 (chain A),NO ALIGNED RESIDUE
PRO 82 (chain A),NO ALIGNED RESIDUE
TYR 83 (chain A),NO ALIGNED RESIDUE
CYS 102 (chain A),NO ALIGNED RESIDUE
GLN 103 (chain A),TRP 34 (chain A)
ILE 104 (chain A),NO ALIGNED RESIDUE
SER 105 (chain A),NO ALIGNED RESIDUE
GLY 106 (chain A),NO ALIGNED RESIDUE
PHE 107 (chain A),NO ALIGNED RESIDUE
LEU 108 (chain A),NO ALIGNED RESIDUE
MET 109 (chain A),NO ALIGNED RESIDUE
GLY 110 (chain A),NO ALIGNED RESIDUE
LEU 111 (chain A),NO ALIGNED RESIDUE
SER 112 (chain A),NO ALIGNED RESIDUE
VAL 113 (chain A),NO ALIGNED RESIDUE
THR 157 (chain A),LEU 25 (chain A)
VAL 158 (chain A),NO ALIGNED RESIDUE
ILE 161 (chain A),NO ALIGNED RESIDUE
VAL 162 (chain A),NO ALIGNED RESIDUE
ASN 164 (chain A),PRO 32 (chain A)
PHE 165 (chain A),NO ALIGNED RESIDUE
LEU 170 (chain A),NO ALIGNED RESIDUE
SER 178 (chain A),NO ALIGNED RESIDUE
CYS 179 (chain A),NO ALIGNED RESIDUE
THR 180 (chain A),NO ALIGNED RESIDUE
PHE 181 (chain A),NO ALIGNED RESIDUE
TYR 283 (chain A),NO ALIGNED RESIDUE
TYR 287 (chain A),NO ALIGNED RESIDUE
