FSHR_pocket_residue,closest fshr_pocket_residue within 2.0 angstroms
VAL 396 (chain A),NO ALIGNED RESIDUE
PRO 397 (chain A),NO ALIGNED RESIDUE
PHE 399 (chain A),PRO 568 (chain A)
LEU 400 (chain A),NO ALIGNED RESIDUE
MET 401 (chain A),NO ALIGNED RESIDUE
ASN 403 (chain A),NO ALIGNED RESIDUE
LEU 404 (chain A),NO ALIGNED RESIDUE
LEU 455 (chain A),NO ALIGNED RESIDUE
SER 456 (chain A),NO ALIGNED RESIDUE
VAL 457 (chain A),NO ALIGNED RESIDUE
TYR 458 (chain A),NO ALIGNED RESIDUE
THR 459 (chain A),NO ALIGNED RESIDUE
LEU 460 (chain A),NO ALIGNED RESIDUE
THR 461 (chain A),NO ALIGNED RESIDUE
ALA 462 (chain A),NO ALIGNED RESIDUE
ILE 463 (chain A),NO ALIGNED RESIDUE
THR 464 (chain A),NO ALIGNED RESIDUE
GLU 466 (chain A),NO ALIGNED RESIDUE
ALA 486 (chain A),NO ALIGNED RESIDUE
VAL 489 (chain A),NO ALIGNED RESIDUE
MET 490 (chain A),NO ALIGNED RESIDUE
VAL 491 (chain A),NO ALIGNED RESIDUE
GLY 493 (chain A),NO ALIGNED RESIDUE
TYR 626 (chain A),NO ALIGNED RESIDUE
