CCR9_pocket_residue,closest ccr9b_pocket_residue within 3.0 angstroms
ASN 89 (chain A),SER 152 (chain A)
LEU 90 (chain A),NO ALIGNED RESIDUE
ALA 93 (chain A),THR 149 (chain A)
SER 124 (chain A),NO ALIGNED RESIDUE
MET 125 (chain A),GLY 234 (chain A)
TYR 126 (chain A),PHE 141 (chain A)
LYS 127 (chain A),NO ALIGNED RESIDUE
MET 128 (chain A),PHE 235 (chain A)
ASN 129 (chain A),MET 145 (chain A)
PHE 130 (chain A),PHE 275 (chain A)
TYR 131 (chain A),PHE 275 (chain A)
SER 132 (chain A),VAL 272 (chain A)
CYS 133 (chain A),LEU 148 (chain A)
VAL 134 (chain A),VAL 271 (chain A)
LEU 135 (chain A),VAL 272 (chain A)
LEU 136 (chain A),NO ALIGNED RESIDUE
CYS 169 (chain A),TYR 246 (chain A)
ILE 172 (chain A),NO ALIGNED RESIDUE
TRP 173 (chain A),ILE 242 (chain A)
ALA 176 (chain A),NO ALIGNED RESIDUE
ALA 177 (chain A),NO ALIGNED RESIDUE
LEU 179 (chain A),LEU 280 (chain A)
CYS 180 (chain A),NO ALIGNED RESIDUE
GLU 183 (chain A),ASN 283 (chain A)
