GPR55_pocket_residue,closest gpr55a_pocket_residue within 2.0 angstroms
MET 105 (chain A),NO ALIGNED RESIDUE
SER 108 (chain A),SER 273 (chain A)
VAL 109 (chain A),NO ALIGNED RESIDUE
PHE 110 (chain A),NO ALIGNED RESIDUE
ILE 112 (chain A),NO ALIGNED RESIDUE
CYS 113 (chain A),NO ALIGNED RESIDUE
SER 116 (chain A),NO ALIGNED RESIDUE
MET 117 (chain A),NO ALIGNED RESIDUE
GLY 189 (chain A),TYR 97 (chain A)
PHE 190 (chain A),NO ALIGNED RESIDUE
PRO 193 (chain A),NO ALIGNED RESIDUE
MET 194 (chain A),NO ALIGNED RESIDUE
GLY 195 (chain A),SER 188 (chain A)
ILE 196 (chain A),VAL 104 (chain A)
MET 197 (chain A),NO ALIGNED RESIDUE
GLY 198 (chain A),NO ALIGNED RESIDUE
CYS 200 (chain A),NO ALIGNED RESIDUE
CYS 201 (chain A),NO ALIGNED RESIDUE
SER 231 (chain A),NO ALIGNED RESIDUE
LEU 232 (chain A),NO ALIGNED RESIDUE
VAL 234 (chain A),NO ALIGNED RESIDUE
PHE 235 (chain A),NO ALIGNED RESIDUE
VAL 236 (chain A),NO ALIGNED RESIDUE
PHE 239 (chain A),HIS 240 (chain A)
HIS 243 (chain A),NO ALIGNED RESIDUE
ASN 280 (chain A),NO ALIGNED RESIDUE
